{"accuracy": [0.6001280546188354, 0.8596770763397217, 0.9132939577102661, 0.9388861060142517, 0.9546340703964233, 0.9648054838180542, 0.9713066220283508, 0.9759727120399475, 0.9794722199440002, 0.9827014803886414], "loss": [1.360543131828308, 0.4402831494808197, 0.2634512484073639, 0.18575824797153473, 0.1382141411304474, 0.10691165924072266, 0.08662023395299911, 0.07388755679130554, 0.0642126053571701, 0.054551806300878525], "val_accuracy": [0.8337126970291138, 0.9121898412704468, 0.9263601303100586, 0.9426929354667664, 0.954131543636322, 0.9569200873374939, 0.961586594581604, 0.9561233520507812, 0.9718301892280579, 0.9654564261436462], "val_loss": [0.5216511487960815, 0.27669617533683777, 0.2295958697795868, 0.18082255125045776, 0.14438775181770325, 0.14314936101436615, 0.12223789840936661, 0.14732438325881958, 0.09377127140760422, 0.12180933356285095]}